Sexo productor;Area (Ha);Arboles_totales;Edad promedio plantas;Aluviales;Andisoles;Grumosoles;Halomorficos;Latosoles_arcillosos_acidos;Latosoles_arcillo_rojizos;Litosoles;Regosoles;Latitud;Longitud;Altura;Porcentaje_Injertacion;Aplica poda;Maneja sombra;Fertilizacion organica;Fertilizacion quimica;Presencia plagas y enfermedades;recibe AT;Perdidas (qq);Produccion efectiva (qq)
Hombre;2;900;4;No;Si;No;No;No;No;No;No;13.90877;-89.5823;1022;0;Si;Si;Si;Si;Si;No;1.34552;3.85792
Hombre;2.8;200;2;No;No;No;No;Si;Si;No;No;13.5883;-89.2336;624;100;Si;Si;Si;No;Si;No;1.4608;3.45312
Hombre;6;3000;7;No;Si;No;No;No;No;Si;No;13.6093246;-88.886038;810;0;Si;No;Si;No;No;Si;1.72744;10.9
Hombre;1.2;1200;6;No;No;No;No;Si;Si;No;No;13.75793722;-88.95573279;660;0;Si;Si;Si;Si;Si;Si;0.68024;4.33
Hombre;11.5;11500;2.4;No;No;No;No;No;Si;No;No;13.9329243;-88.634224;769;34.7826087;Si;Si;Si;Si;Si;Si;1.36136;8.25904
Mujer;1.2;900;6.6;No;Si;No;No;No;Si;No;No;13.620568;-88.819902;815;22.22222222;No;Si;No;Si;Si;Si;0.2332;1.82
Hombre;1.5;650;3;Si;Si;No;No;No;No;No;No;13.435069;-88.914503;33;0;Si;Si;Si;Si;Si;Si;1.0604;6.3
Hombre;1.4;1350;7;No;Si;No;No;No;Si;No;No;13.846009;-89.290405;414;52.07407407;Si;No;No;Si;Si;Si;1.41064;6.85696
Hombre;13;11000;6;No;No;No;No;No;Si;No;No;13.803529;-88.173576;779;0;Si;Si;Si;No;Si;Si;4.7168;30.712
Hombre;13.3;7750;6.4;No;Si;No;No;No;No;Si;No;13.458779;-88.536863;949;3.225806452;No;No;Si;No;Si;Si;0.16808;5.2
Hombre;3;1500;5.3;No;No;No;No;Si;Si;No;No;13.803878;-88.233978;957;0;No;Si;Si;Si;Si;Si;1.23112;4.4
Hombre;3;3000;8;No;No;No;No;No;Si;Si;No;13.6672222;-89.66472222;193;0;Si;Si;Si;Si;Si;No;5.6628;34.27688
Mujer;1.4;1200;5.2;No;No;No;No;No;Si;No;No;13.9589722;-89.51191829;672;0;Si;No;Si;Si;Si;No;2.05832;5.88104
Mujer;1.2;1200;61;No;Si;No;No;No;No;Si;No;13.702732;-88.951163;676;0;Si;Si;Si;Si;Si;Si;0.81488;4.77
Hombre;5.59;4500;6;No;No;Si;No;No;Si;No;No;13.4955404;-88.675651;29;100;Si;Si;Si;Si;Si;Si;2.08912;24.5
Hombre;1.75;500;13;No;No;No;No;Si;Si;No;No;13.3918;-88.5846;786.9;0;Si;Si;Si;Si;Si;Si;0.30008;9.266667
Hombre;1.5;1000;5;No;No;No;No;No;Si;No;No;13.903018;-89.050313;565;0;Si;Si;Si;Si;Si;No;0.9636;3.7532
Hombre;1.25;500;6;No;Si;No;No;No;No;No;No;13.6111821;-88.907823;834;0;Si;Si;Si;Si;Si;Si;0.2728;3.23
Mujer;2;1800;8;No;No;No;No;Si;Si;No;No;13.673864;-89.434867;974;0;Si;No;No;Si;Si;Si;1.22408;5.89688
Hombre;1.4;1100;6;No;Si;No;No;No;No;Si;No;13.6004287;-88.875613;991;0;Si;Si;Si;Si;Si;Si;0.44616;3.46
Hombre;3.5;2500;8;Si;Si;No;No;No;Si;No;No;13.70690167;-89.71488;220;100;Si;Si;Si;Si;Si;No;5.34952;28.20576
Hombre;2;2000;3.6;Si;Si;No;No;No;No;No;No;13.47479817;-89.09598265;55;37.5;Si;Si;Si;Si;Si;No;1.19592;8.33
Hombre;1.5;500;13;No;Si;No;No;No;No;No;No;13.32619212;-88.4192077;65;0;Si;Si;Si;No;Si;Si;0.19976;3.66
Hombre;14;14000;8.8;Si;Si;No;No;No;Si;No;No;13.75402833;-89.67589;469;10.71428571;Si;Si;Si;Si;Si;No;22.69784;102.35544
Hombre;5;3000;4;No;Si;No;No;No;No;Si;No;13.6228;-89.2958;754;0;Si;Si;Si;Si;Si;No;1.5312;4.90512
Hombre;4.2;3800;4.9;No;Si;No;No;No;No;No;No;13.7744177;-89.17045;444;5.263157895;Si;Si;Si;Si;Si;No;0.99088;5.99
Hombre;1.2;1200;6;Si;No;Si;No;No;No;No;No;13.921778;-89.832917;8;0;No;Si;Si;Si;No;No;1.22848;6.46712
Hombre;4.2;4000;5;No;Si;No;No;No;No;No;No;13.725098;-89.031638;698;0;Si;Si;No;Si;Si;Si;1.27424;8.09
Hombre;2.8;1800;6;No;No;No;No;No;Si;No;No;13.8880355;-88.957344;399;0;Si;Si;Si;Si;Si;No;0.858;1.4168
Hombre;2.5;200;5;No;Si;No;No;No;No;No;No;13.465375;-88.38033;490;0;Si;Si;Si;No;Si;Si;0.36168;1.95
Hombre;4;2520;4;No;Si;No;No;No;No;No;No;13.58846444;-88.94097729;554;0;Si;Si;Si;Si;Si;Si;0.46112;4.48
Hombre;2;1800;6;Si;Si;No;No;No;Si;No;No;13.7034896;-89.714855;215;0;Si;Si;Si;Si;Si;No;3.18384;15.97816
Hombre;1.5;470;4;Si;No;No;No;No;Si;No;No;13.836;-88.602277;585;0;Si;Si;Si;Si;Si;Si;0.57024;3.07912
Hombre;7.35;8158;6.7;Si;Si;No;No;No;No;No;No;13.73114229;-89.4359705;491;100;Si;Si;Si;Si;Si;Si;29.8716;160.54192
Hombre;10;7500;4.6;No;No;No;No;No;Si;Si;No;13.7869;-89.5164;591;20;Si;Si;Si;Si;No;No;0.69344;3.4584
Hombre;4.9;2500;6;No;Si;No;No;No;No;Si;No;14.15520573;-89.6863274;1001;0;Si;No;Si;Si;Si;No;4.64552;13.25544
Hombre;2.8;2000;4.6;No;Si;No;No;No;Si;No;No;13.928297;-89.812753;760;20;Si;Si;Si;Si;Si;No;2.7324;13.3628
Hombre;2.5;450;6;No;Si;No;No;No;Si;Si;No;13.42902249;-88.5109981;459;0;Si;Si;Si;No;Si;Si;0.12496;1.74
Hombre;1.2;1200;5.5;No;Si;No;No;No;No;Si;No;13.687212;-88.962839;618;0;Si;Si;Si;Si;No;Si;0.41184;2.61
Hombre;4.8;900;7;No;Si;No;No;No;No;No;No;13.5809892;-88.935497;547;0;No;Si;No;Si;Si;Si;0.242;2.9
Hombre;2.1;1300;5;No;Si;No;No;No;No;No;No;13.616475;-89.14967;809;0;Si;Si;Si;Si;Si;Si;0.27368;7.01
Mujer;1.5;400;5;No;No;No;No;No;Si;No;No;13.8880791;-88.959215;379;0;Si;Si;Si;Si;Si;No;0.6116;0.8624
Mujer;2.5;400;6;No;No;No;No;Si;Si;No;No;13.505021;-88.32357;729;0;Si;Si;Si;Si;No;Si;0.45936;2.31
Hombre;1.5;80;6;No;Si;No;No;No;No;No;No;13.6048378;-88.92514;666;0;Si;Si;Si;No;Si;Si;0.22352;1.14
Hombre;9.8;10800;8;No;Si;No;No;No;No;Si;No;13.654061;-88.843377;574;100;Si;Si;Si;Si;Si;Si;7.42544;41.15408
Hombre;3.5;1433;8;No;Si;No;No;No;No;No;No;13.8999875;-89.856238;887;0;Si;Si;Si;Si;Si;No;4.97904;23.21968
Hombre;4.19;5150;5.6;Si;No;No;Si;No;No;No;Si;13.3342009;-88.7724;9;38.83495146;Si;Si;Si;Si;Si;Si;1.22056;10.9
Hombre;1.85;2025;4;No;No;No;No;Si;Si;No;No;13.9016608;-89.542454;997;100;Si;No;Si;Si;Si;No;4.5056;12.8744
Hombre;1.5;1600;9;Si;No;No;No;No;No;No;No;13.730753;-89.667272;380;0;Si;Si;Si;No;No;Si;2.66112;11.37
Hombre;5.24;5437;5.8;Si;No;No;Si;No;No;No;Si;13.3528614;-88.735018;16;18.39249586;Si;Si;Si;Si;Si;No;1.81016;21.1
Mujer;1.4;1500;6;No;Si;No;No;No;No;Si;No;13.6231117;-88.860226;847;0;No;Si;Si;Si;No;No;0.87296;5.41
Hombre;2;600;5;No;Si;No;No;No;No;No;No;13.468018;-88.879255;71;0;Si;Si;Si;Si;Si;Si;1.41856;8.55
Hombre;2.5;1500;5;No;Si;No;No;No;No;No;No;13.5196594;-88.821027;267;0;Si;Si;Si;Si;Si;Si;1.24256;10.85
Hombre;4;3950;5.7;Si;No;No;Si;No;No;No;Si;13.348937;-88.735581;10;15.82278481;Si;Si;Si;Si;Si;No;1.1616;14.25
Hombre;6;700;14.2;No;Si;No;No;No;No;No;No;13.5438087;-88.870833;456;0;Si;Si;Si;Si;Si;Si;1.3332;9.4
Hombre;1.75;1700;4;No;Si;No;No;No;Si;No;No;13.931565;-89.568684;857;0;Si;Si;Si;Si;Si;No;3.2516;9.29808
Hombre;2.5;2350;26.4;No;Si;No;No;No;No;No;No;13.61681;-88.91105333;716;0;Si;Si;Si;Si;Si;Si;0.45672;17.23
Hombre;2.5;2600;10;Si;Si;No;No;No;Si;No;No;13.7047462;-89.714227;212;100;Si;Si;Si;Si;Si;No;4.99488;26.80832
Mujer;1.2;1000;32;No;Si;No;No;No;No;Si;No;13.62882;-88.873072;678;0;Si;Si;Si;No;Si;Si;1.32352;8.38464
Hombre;27;26000;8;Si;Si;No;No;No;No;No;No;13.389457;-88.911459;6;100;Si;Si;Si;Si;Si;Si;47.7576;25
Hombre;2.5;2100;3;No;Si;No;No;No;Si;No;No;13.9662051;-89.668249;765;0;Si;Si;Si;Si;Si;No;2.55464;7.30136
Mujer;1.05;300;18;No;No;No;No;Si;Si;No;No;13.3916;-88.5836;771;0;Si;No;Si;No;Si;Si;0.22;2.43
Hombre;10.48;11250;5.8;Si;No;No;Si;No;No;No;Si;13.3424695;-88.724696;18;17.77777778;Si;Si;Si;Si;Si;No;2.1164;23.5
Hombre;3;3000;8;Si;Si;No;No;No;No;No;No;13.73392;-89.680593;380;50;Si;Si;Si;No;No;Si;15.16328;46.64
Mujer;5;1000;4;No;Si;No;No;No;No;No;No;13.4685917;-88.380413;507;0;No;No;Si;Si;Si;Si;0.81576;4.45
Hombre;1.05;600;13.5;No;Si;No;No;No;No;No;No;13.3724;-89.032;918.8;0;Si;Si;Si;No;Si;Si;0.35992;5.42
Mujer;4.19;4350;5.9;Si;No;No;Si;No;No;No;Si;13.351173;-88.731821;7;8.045977011;Si;Si;Si;Si;Si;No;1.32264;17.43
Mujer;1.4;600;16;No;Si;No;No;No;No;Si;No;13.756859;-89.594405;596;0;Si;Si;Si;Si;No;No;1.47312;4.70624
Hombre;1.4;850;5;No;No;No;No;No;Si;No;No;13.856;-89.471;595;0;Si;Si;Si;Si;Si;No;0.946;1.3728
Hombre;1.05;1100;6;No;Si;No;No;No;No;No;No;13.7715296;-89.081254;655;0;Si;Si;Si;Si;Si;No;1.7732;6.1248
Hombre;1.4;500;5;No;No;No;No;Si;Si;No;No;13.8881281;-88.963857;369;0;Si;Si;Si;Si;Si;No;0.3608;1.0252
Hombre;2.1;2500;4;No;Si;No;No;No;No;Si;No;13.6235499;-88.875549;705;0;Si;Si;Si;Si;Si;Si;0.60808;4.62
Hombre;1.4;500;6;No;Si;No;No;No;No;No;No;13.788365;-89.1105;605;0;Si;Si;Si;Si;Si;No;1.3948;3.05448
Hombre;1.4;250;2;Si;No;Si;No;No;Si;No;No;14.0160221;-89.192502;273;0;Si;Si;Si;Si;Si;No;0.946;2.3584
Hombre;3.5;3100;21;No;Si;No;No;No;No;Si;No;13.760663;-89.655201;507;0;Si;Si;Si;Si;No;Si;4.0172;12.81632
Hombre;10.5;10500;13;Si;No;No;No;No;Si;No;No;13.598874;-88.630359;35;100;Si;Si;Si;Si;No;Si;55.47256;66.21296
Hombre;5.6;5000;6.4;No;No;No;No;No;Si;No;No;13.983404;-89.517919;607;42;Si;No;Si;Si;Si;Si;5.10928;15.44488
Hombre;4;3850;8;No;No;No;No;No;Si;Si;No;13.716707;-89.676256;316;22.07792208;Si;Si;Si;Si;No;No;2.71744;11.6
Hombre;1.4;1500;8;Si;Si;No;No;No;No;No;No;13.688156;-89.43955;910;0;Si;No;No;Si;Si;Si;3.09584;14.90632
Hombre;1.4;900;7.7;No;Si;No;No;No;No;No;No;13.494343;-88.442876;858;0;Si;Si;No;No;Si;Si;0.10472;4.04
Hombre;2.1;1200;5.3;Si;Si;No;No;No;Si;No;No;13.529087;-88.531897;556;16.66666667;Si;Si;Si;Si;Si;Si;0.09416;3.33
Hombre;1.5;275;15;No;Si;No;No;No;No;No;No;13.6257742;-88.923713;616;0;Si;Si;Si;Si;Si;Si;0.23936;4.13
Hombre;1.2;1290;5;No;No;No;No;Si;Si;No;No;13.712295;-89.724821;224;100;Si;No;Si;Si;No;Si;1.36576;4.1668
Hombre;1.4;650;6;Si;Si;No;No;No;No;Si;No;13.443879;-89.186468;9;0;Si;Si;Si;Si;Si;No;0.66;1.0824
Hombre;4.19;4662;5.5;Si;No;No;Si;No;No;No;Si;13.3428121;-88.76537;11;49.33504934;Si;Si;Si;Si;Si;Si;1.3156;16.85
Hombre;1.4;700;6;No;No;No;No;No;Si;Si;No;13.8553367;-88.9424;544;0;Si;Si;Si;Si;Si;No;0.594;0.8976
Hombre;1.4;900;5;No;No;No;No;No;Si;No;No;13.8586584;-88.961333;532;0;Si;Si;Si;Si;Si;No;0.616;1.0912
Hombre;1.5;600;6;No;No;No;No;Si;Si;No;No;13.651274;-88.97704;706;0;Si;Si;Si;No;Si;Si;0.28424;2.65
Hombre;2;1800;8;Si;Si;No;No;No;No;No;No;13.687671;-89.436964;920;0;Si;No;No;Si;Si;Si;1.0912;5.59856
Hombre;2.1;1000;7;No;Si;No;No;No;No;No;No;13.81502667;-89.09967499;553;0;Si;Si;Si;Si;Si;No;1.5532;3.3396
Hombre;3.06;2000;6;No;Si;No;No;No;Si;No;No;13.9117;-89.829;849;0;Si;Si;Si;Si;Si;No;6.59736;31.10096
Hombre;2.19;1400;6;No;Si;No;No;No;Si;No;No;13.9081;-89.8261;882;0;Si;Si;Si;Si;Si;No;2.34168;10.46584
Hombre;1.17;800;6;No;Si;No;No;No;No;No;No;13.9393;-89.7366;850;0;Si;Si;Si;Si;Si;No;0.35288;1.73536
Hombre;1.88;1600;6;No;Si;No;No;No;Si;No;No;13.952;-89.7535;792;0;Si;Si;Si;Si;Si;No;0.19712;0.836
Hombre;1.4;800;7;No;No;No;No;No;Si;No;No;13.477184;-88.557883;838.891113;0;Si;Si;Si;Si;Si;No;0.26136;1.13608
Hombre;1.92;1600;5;No;Si;No;No;No;Si;No;No;13.947;-89.7549;778;0;Si;Si;Si;Si;Si;No;0.1672;0.88792
Hombre;4.75;3200;5;No;Si;No;No;No;Si;No;No;13.474195;-88.562206;745.705078;0;Si;Si;Si;Si;Si;No;0.23936;1.45112
Hombre;2.1;600;5;No;Si;No;No;No;No;No;No;13.480453;-88.5546;923.788818;0;Si;Si;Si;Si;Si;No;0.49984;2.99208
Mujer;1.28;300;7;No;Si;No;No;No;Si;No;No;13.8022;-89.8831;624;0;Si;No;Si;Si;Si;No;0.20328;1.9288
Hombre;1.31;800;5;No;Si;No;No;No;Si;No;No;13.7977;-89.8781;552;0;Si;No;Si;Si;Si;No;3.96088;2.37
Hombre;1.4;1200;7;No;No;No;No;Si;Si;No;No;13.9275;-89.8129;758;0;No;Si;Si;Si;No;No;1.81192;9.56208
Hombre;1.58;1600;5;No;Si;No;No;No;No;No;No;13.8066;-89.8619;693;0;Si;Si;Si;Si;Si;No;0.39512;2.7392
Mujer;16;16000;5.9;No;Si;No;No;No;No;No;No;13.8182;-89.8664;801;3.75;Si;Si;Si;Si;Si;No;9.34824;62.654
Mujer;1.31;1000;8;No;Si;No;No;No;Si;No;No;13.7827;-89.8502;631;0;Si;Si;Si;Si;Si;No;0.54824;5.27512
Hombre;3.12;2000;5;No;Si;No;No;No;Si;No;No;13.7999;-89.8777;545;0;Si;Si;Si;Si;Si;No;0.71896;7.70448
Hombre;1.4;1000;5;No;Si;No;No;No;Si;No;No;13.71254;-89.440208;537.973022;0;No;Si;Si;Si;Si;No;0.2816;1.79432
Hombre;2.1;1400;5;No;Si;No;No;No;Si;No;No;13.8192;-89.9463;616;0;No;Si;Si;Si;Si;No;0.1232;0.82456
Hombre;1.27;800;5;No;Si;No;No;No;Si;No;No;13.8215;-89.9481;660;0;No;Si;Si;Si;Si;No;0.11792;0.72776
Hombre;1.66;1000;5;No;Si;No;No;No;No;No;No;13.8137;-89.8001;1012;0;Si;No;Si;Si;Si;No;3.02368;2.9568
Hombre;7.22;6000;5;No;Si;Si;No;No;Si;No;No;14.1318;-89.6646;886;0;Si;No;Si;Si;Si;No;0.4928;1.40536
Hombre;1.26;1000;7;No;No;No;No;No;Si;No;No;14.0077;-89.6999;687;100;Si;No;Si;Si;Si;Si;1.936;5.53344
Mujer;2.12;1600;7;No;No;No;No;No;Si;No;No;14.0125;-89.7003;676;0;Si;No;Si;Si;Si;No;1.77848;5.07584
Hombre;5;4600;4;No;Si;No;No;No;No;Si;No;13.8993;-89.5712;1064;0;Si;No;Si;Si;Si;No;4.95176;14.02368
Hombre;5.03;3600;4.5;No;No;No;No;Si;Si;No;No;13.7293;-89.5007;640;0;Si;No;Si;Si;No;No;0.9592;4.46072
Hombre;2.1;1550;4.2;No;Si;No;No;No;Si;No;No;13.7437;-89.525;600;41.93548387;Si;No;Si;No;No;No;0.75416;2.97616
Hombre;2.1;1350;7.4;Si;Si;No;No;No;No;No;No;13.7411;-89.669;399;29.62962963;Si;Si;Si;No;No;Si;3.49712;14.38
Hombre;1.5;1300;5;No;No;No;No;No;Si;No;No;13.6759;-89.5517;590;0;Si;No;Si;No;Si;No;0.34672;1.5576
Hombre;3.5;3100;3;No;No;No;No;No;Si;No;No;13.6795;-89.5505;588;0;Si;Si;Si;Si;No;No;1.6016;8.0784
Hombre;4.82;1800;4;No;No;No;No;No;Si;No;No;13.6861;-89.5247;791;0;Si;No;Si;No;No;No;0.55352;2.15864
Hombre;11.9;8850;5.6;No;Si;No;No;No;No;No;No;13.7961;-89.7757;713;0;Si;Si;Si;Si;Si;No;7.91824;48.08408
Hombre;4.2;2700;7;No;Si;No;No;No;No;No;No;13.7976;-89.7758;709;0;Si;Si;Si;Si;Si;No;6.95024;29.8672
Hombre;2.26;1575;7;No;No;No;No;Si;Si;No;No;13.7856;-89.7664;711;0;Si;Si;Si;Si;Si;No;1.98352;9.98536
Hombre;1.71;1597;7;No;No;No;No;Si;Si;No;No;13.7752;-89.7682;644;0;Si;Si;Si;Si;Si;No;3.66696;16.17176
Hombre;2.27;1462;7;No;Si;No;No;No;Si;No;No;13.7755;-89.7711;650;0;Si;Si;Si;Si;Si;No;3.2164;13.88992
Hombre;1.4;800;6.1;No;Si;No;No;No;No;Si;No;13.46779;-88.545317;923;43.75;Si;Si;Si;No;Si;Si;0.12408;3.5
Hombre;4.89;4606;5.9;No;No;No;No;Si;Si;No;No;13.665129;-89.439548;1011.89025;0;Si;No;No;Si;Si;Si;6.5736;33.352
Hombre;2.5;2000;5;No;No;No;No;Si;Si;No;No;13.75422;-88.209925;1025.59863;0;Si;Si;Si;Si;Si;Si;3.34136;17.38
Mujer;1.5;780;5;No;Si;No;No;No;No;Si;No;13.429705;-88.562684;339.802673;48.71794872;Si;Si;Si;Si;Si;Si;0.11968;2.14
Hombre;1.05;320;4.9;No;Si;No;No;No;No;No;No;13.589253;-88.953141;447;37.5;Si;Si;Si;Si;Si;No;0.1848;1.23
Hombre;2.1;1200;6.3;No;Si;No;No;No;No;Si;No;13.50385;-88.519525;978;25;Si;Si;Si;Si;Si;No;0.1276;4.85
Hombre;1.05;500;6.6;No;Si;No;No;No;No;No;No;13.609161;-88.915679;718;20;Si;Si;Si;Si;Si;Si;0.15664;2.18
Mujer;2.8;2000;4;No;No;No;No;No;Si;No;No;13.423105;-88.642712;140.851196;75;Si;No;Si;Si;Si;Si;0.17336;3.45
Mujer;2.25;2500;4.9;No;No;No;No;Si;Si;No;No;13.78356;-88.266516;863.904785;8;Si;Si;Si;Si;Si;Si;3.60624;18.05
Hombre;29.73;18765;4.9;No;Si;No;No;No;Si;No;No;13.810922;-89.91518;652;0;No;Si;Si;Si;No;No;2.67696;14.60712
Hombre;1.2;1000;5;No;Si;No;No;No;No;Si;No;13.489283;-88.40789;757.248779;10;Si;Si;Si;Si;Si;Si;0.9504;5.1
Hombre;30.22;30700;3.7;Si;No;No;No;No;Si;No;No;13.846693;-89.358579;418.727783;100;Si;No;No;Si;Si;Si;26.37096;134.19032
Hombre;1.5;1500;5;Si;Si;No;Si;No;No;No;Si;13.297634;-88.564665;6.024231;20;No;Si;No;No;No;Si;3.02456;16.4096
Hombre;2.1;1800;4.2;No;Si;No;No;No;Si;No;No;13.622105;-88.773509;417.611389;72.22222222;Si;Si;Si;Si;Si;Si;0.858;5.21
Mujer;1.4;900;4;Si;No;No;Si;No;No;No;Si;13.362228;-88.770385;-12.910645;100;Si;Si;Si;Si;Si;Si;1.05512;11.9
Hombre;3.72;4011;5;No;Si;No;No;No;No;Si;No;13.760435;-89.597105;625;48.39192221;Si;Si;Si;Si;No;No;0.15136;0.41976
Hombre;1.4;700;5;No;Si;No;No;No;Si;No;No;13.515886;-88.446471;638.583371;0;Si;Si;No;No;Si;Si;1.2628;6.85
Hombre;4;1827;4.6;Si;No;No;Si;No;No;No;Si;13.739763;-90.081807;6.86441;100;No;Si;Si;No;No;No;2.13136;11.60984
Hombre;1.4;1100;4;Si;No;No;Si;No;No;No;Si;13.34157;-88.72979;24;100;Si;Si;Si;Si;Si;Si;1.0692;8.35
Mujer;1.58;1125;5;Si;No;No;No;No;Si;No;No;13.844843;-89.376432;439.518555;100;Si;No;No;Si;Si;Si;0.99;4.87432
Hombre;2.8;1800;6;No;Si;No;No;No;Si;Si;No;13.414661;-88.505631;379;0;Si;Si;Si;Si;Si;Si;0.19008;8.83
Hombre;4.2;2000;7;No;Si;No;No;No;Si;No;No;13.455366;-88.559089;620.978271;0;No;Si;Si;Si;Si;No;0.24376;4.82
Hombre;1.7;1700;5;Si;Si;No;No;No;Si;No;No;13.702324;-89.710528;213.509888;0;Si;Si;Si;Si;Si;No;1.39304;6.86048
Hombre;1.4;1000;5;Si;No;No;No;No;Si;No;No;13.597725;-88.605011;16.472229;100;Si;Si;Si;Si;Si;Si;0.69872;4.76
Hombre;4.03;2800;3.5;No;Si;No;No;No;Si;No;No;13.825891;-89.85355;955.314941;0;Si;Si;Si;Si;Si;No;0.72776;5.1764
Hombre;5;5000;5.6;Si;No;No;No;No;Si;Si;No;13.709582;-89.662991;465;44;Si;Si;Si;Si;No;Si;2.9348;12.31
Hombre;3.51;2446;5;No;Si;No;No;No;No;Si;No;13.760388;-89.680537;473.776855;0;Si;No;Si;Si;No;No;3.54992;11.47432
Hombre;4.2;2800;5.4;No;Si;No;No;No;No;No;No;13.692394;-89.469938;745;0;Si;No;No;Si;Si;Si;1.47312;7.13152
Hombre;1.8;2000;5;No;No;No;No;No;Si;No;No;13.93983;-88.181137;774;0;Si;Si;Si;No;Si;No;2.25368;14.696
Hombre;1.01;1200;4;No;No;No;No;No;Si;No;No;13.51787;-88.209711;158;100;Si;Si;Si;Si;Si;Si;1.71776;9.45
Hombre;5.6;3200;6.2;No;Si;No;No;No;Si;No;No;13.505293;-88.554866;812;14.0625;Si;No;Si;No;Si;Si;0.18744;8.45
Hombre;2.2;1950;3;No;Si;No;No;No;No;Si;No;13.477466;-88.563325;759.198853;0;Si;Si;Si;Si;No;Si;0.3476;1.79608
Hombre;30.77;26000;3.2;Si;No;No;No;No;Si;No;No;13.554807;-88.620482;41.938538;68.55769231;Si;Si;Si;Si;Si;Si;4.4176;22.23408
Hombre;8;8000;3;No;No;No;No;Si;Si;No;No;13.637572;-89.382179;1099.12765;100;Si;Si;Si;Si;Si;No;0.704;0.77
Hombre;4;4252;4.2;No;No;No;No;No;Si;No;No;13.748683;-89.870147;330.324158;0;No;Si;Si;Si;No;No;0.2376;1.54528
Hombre;5;3600;4.9;No;No;No;No;Si;Si;No;No;13.756336;-88.213509;1142;4.166666667;Si;Si;Si;Si;Si;Si;1.99144;11.55
Hombre;1.43;1000;4.8;No;No;No;No;Si;Si;No;No;13.260368;-88.25034;650.656494;20;Si;Si;Si;Si;Si;Si;1.14928;5.17
Hombre;2.1;1300;5;No;Si;No;No;No;No;Si;No;13.600173;-88.876348;963.372314;0;No;Si;Si;Si;Si;No;0.60632;3.96
Hombre;9.8;2100;5;Si;No;No;No;No;No;No;No;13.724664;-89.67556;357;71.42857143;Si;Si;Si;No;No;Si;6.68008;27.33
Hombre;1.75;1635;3;No;No;Si;No;No;No;No;No;13.592303;-89.460572;560;0;Si;Si;Si;Si;Si;No;3.85528;14.32816
Hombre;1.79;973;6;No;Si;No;No;No;Si;No;No;13.679755;-89.539561;570.179565;0;Si;No;Si;No;Si;No;0.18744;0.81136
Hombre;4;4300;5;No;No;No;No;Si;Si;No;No;13.477734;-89.193186;28.170532;0;Si;Si;Si;Si;Si;No;0.2244;0.6072
Hombre;2.54;760;4;No;No;Si;No;No;Si;No;No;13.709726;-89.844791;180.112061;0;No;Si;Si;Si;No;No;0.26928;1.32
Hombre;2.8;1500;5.1;No;Si;No;No;No;No;No;No;13.612313;-88.924134;663;20;No;No;Si;No;Si;Si;0.22792;1.35
Hombre;3.84;3536;4.6;No;Si;No;No;No;No;No;No;13.794843;-89.810735;681.235107;0;Si;No;Si;Si;Si;No;0.3432;1.57336
Hombre;1.49;1400;4.1;No;Si;No;No;No;Si;No;No;13.6291;-88.3579;254.689;1.785714286;Si;Si;No;Si;Si;Si;0.5016;2.8
Hombre;1.75;1100;4;No;Si;No;No;No;No;No;No;13.80113;-89.862576;623.312674;0;Si;No;Si;Si;Si;No;0.32296;2.23312
Hombre;2;1500;3.9;No;Si;No;No;No;No;No;No;13.5075;-88.3404;716.583;6.666666667;Si;No;No;Si;Si;Si;2.3232;11.64
Hombre;12;5000;4;No;Si;No;No;No;Si;No;No;13.696588;-89.536453;704.344692;0;Si;No;Si;Si;No;No;1.37456;5.91008
Hombre;2.52;1000;3.6;No;Si;No;No;No;Si;Si;No;13.24514;-88.31068;343;80;Si;Si;Si;Si;Si;Si;0.22088;4.28
Hombre;2.45;2700;4;No;Si;No;No;No;Si;No;No;13.79403;-89.835282;599.124078;0;No;Si;Si;Si;Si;No;0.19272;1.13168
Hombre;3.69;1766;4;Si;Si;No;No;No;No;No;No;13.687537;-89.438718;905.092163;0;Si;Si;Si;Si;Si;Si;1.36752;6.50232
Hombre;31.1;17000;5.4;Si;No;No;No;No;No;No;No;13.704211;-89.667368;320;41.17647059;Si;Si;Si;Si;No;Si;9.636;38.76
Mujer;1.7;1700;3.7;No;No;No;No;No;Si;No;No;13.794167;-88.170833;805;29.41176471;Si;Si;Si;Si;Si;Si;3.37304;24.354
Hombre;3.2;3500;6;No;No;No;No;Si;Si;No;No;13.666088;-89.440584;1043.9934;0;Si;No;No;Si;Si;Si;4.02424;20.55592
Mujer;1.05;600;5;No;No;No;Si;No;Si;No;Si;13.239502;-88.35942;1.63623;83.33333333;Si;Si;Si;Si;Si;Si;0.22704;4.28
Hombre;2.25;2500;4.8;No;No;No;No;No;Si;No;No;13.795363;-88.173534;828;8;Si;Si;Si;Si;Si;Si;2.99552;23.41504
Hombre;1.75;1550;4;No;Si;No;No;No;No;No;No;13.94737;-89.624508;839.607788;100;Si;No;Si;Si;Si;Si;4.32784;12.3728
Mujer;1.9;1500;4.6;Si;No;No;No;No;Si;No;No;13.83041;-89.46418;581.3;0;Si;No;No;Si;Si;Si;0.64592;3.1592
Mujer;1.29;400;5;No;Si;No;No;No;No;No;No;13.599525;-88.967749;423.64624;25;Si;Si;Si;Si;Si;Si;0.24816;1.9
Hombre;7.16;4569;3.4;Si;No;No;No;No;Si;No;No;13.48064;-89.249825;-8.431335;100;Si;Si;Si;Si;Si;No;7.458;9.8824
Hombre;7.5;3375;5.9;Si;No;No;Si;No;No;No;Si;13.715722;-90.030383;12.87265;0;Si;Si;Si;Si;No;No;2.69544;14.65904
Hombre;1.35;680;6;No;Si;No;No;No;Si;Si;No;13.6672;-88.7884;606.962;0;Si;Si;Si;Si;Si;Si;0.08096;2.55
Mujer;1.17;507;4.6;No;Si;No;No;No;Si;No;No;13.826659;-89.853186;966.631104;0;Si;Si;Si;Si;Si;No;0.54736;2.42192
Hombre;1.8;1800;5.9;No;No;No;No;No;Si;No;No;13.522794;-89.587034;47.233887;0;Si;Si;Si;Si;Si;No;0.7876;3.2824
Mujer;1.2;1200;3.8;No;No;No;No;No;Si;No;No;13.332113;-88.6889266;31.202;16.66666667;Si;No;Si;Si;No;Si;1.09824;6.13
Hombre;6.3;7000;4;Si;No;No;Si;No;No;No;Si;13.239982;-88.731259;12.389774;85.71428571;Si;Si;Si;Si;No;Si;4.64552;27.41
Hombre;1.4;800;5.3;No;Si;No;No;No;Si;No;No;13.470763;-88.569717;628;12.5;Si;Si;Si;No;Si;No;0.1408;2.67
Hombre;22.02;17000;7;No;Si;No;No;No;No;No;No;13.596918;-88.919828;702.357666;1.176470588;Si;Si;Si;No;Si;Si;0.40832;11.36
Hombre;5.63;3011;5.6;Si;Si;No;No;No;No;No;No;13.701298;-89.405602;539.900879;0;Si;No;No;Si;Si;Si;6.29992;32.0408
Hombre;2.49;2376;4;No;Si;No;No;No;No;No;No;13.79391;-89.781206;717.765991;0;Si;Si;Si;Si;Si;No;0.24024;1.36136
Hombre;11.91;8000;6.9;No;Si;No;No;No;No;No;No;13.608661;-88.939619;589;6.25;Si;Si;Si;Si;Si;Si;0.46992;14.063334
Hombre;1.68;1500;6;Si;Si;No;No;No;No;No;No;13.73655;-89.458086;642;0;Si;Si;Si;Si;Si;No;0.75416;2.92072
Hombre;9;10000;4;No;Si;No;No;No;Si;No;No;13.947442;-89.759685;751.022095;0;Si;Si;Si;Si;Si;No;10.26344;38.69184
Hombre;5.6;6200;4.4;No;No;No;No;No;Si;No;No;13.657738;-89.618242;164.650024;0;Si;Si;Si;Si;No;Si;4.1096;17.09
Hombre;1.12;1208;6;No;Si;No;No;No;No;No;No;13.744471;-89.472291;599;0;Si;No;Si;Si;Si;No;0.2596;0.97592
Hombre;1.5;1200;5;No;Si;No;No;No;Si;No;No;13.506214;-88.411405;655.161377;0;Si;Si;No;No;Si;Si;0.9284;5.05
Mujer;1.4;1000;6;No;No;No;No;Si;Si;No;No;13.424699;-88.570776;338.732788;50;Si;Si;Si;Si;Si;Si;0.23144;3.62
Hombre;3.08;1499;5;No;No;No;No;No;Si;No;No;13.595183;-89.581447;420;67.57838559;Si;No;Si;No;No;No;0.49104;1.89112
Hombre;6.5;4000;7;No;Si;No;No;No;No;Si;No;13.596796;-88.875053;1044.465332;0;Si;Si;Si;Si;No;Si;5.4076;8.98
Hombre;2.1;2200;3.8;No;Si;No;No;No;Si;No;No;13.785981;-89.845682;546.744263;0;Si;No;Si;Si;Si;No;0.22704;2.25704
Hombre;5.39;4797;3.6;Si;Si;No;No;No;No;No;No;13.699027;-89.422862;654.893433;42.52657911;Si;No;No;Si;Si;Si;3.90368;19.1708
Hombre;2.15;2200;5;No;No;No;No;Si;Si;No;No;13.767321;-88.272077;840.841797;100;Si;Si;Si;Si;Si;Si;4.73616;23.7
Mujer;1.4;800;6.1;No;Si;No;No;No;No;Si;No;13.517778;-88.502809;919;31.25;No;No;No;No;Si;Si;0.10736;3.58
Hombre;1.4;600;5.3;No;Si;No;No;No;Si;Si;No;13.421513;-88.550546;436.897461;33.33333333;Si;Si;Si;No;Si;Si;0.14784;2.31
Hombre;1.15;400;4;No;Si;No;No;No;No;No;No;13.777833;-89.712868;577;0;Si;No;Si;Si;Si;No;0.20064;0.64144
Hombre;1.45;1300;3.8;No;Si;No;No;No;Si;No;No;13.596652;-88.746353;303.178345;92.30769231;Si;Si;Si;No;Si;Si;0.48928;3.46
Hombre;1.8;1800;5;Si;Si;No;No;No;No;No;No;13.753827;-89.419835;479;0;Si;No;Si;No;Si;No;0.24024;0.94424
Hombre;1.05;900;6;No;Si;No;No;No;No;No;No;13.643788;-88.780389;342.124756;0;Si;Si;Si;Si;Si;Si;0.4752;3.24
Hombre;2.8;2000;4.8;No;No;No;No;No;Si;No;No;13.368174;-88.658462;31.641296;40;Si;Si;Si;Si;Si;No;0.14872;2.35
Hombre;2;1700;6;No;No;Si;No;No;No;No;No;13.683364;-89.823425;156.485901;100;Si;Si;Si;No;No;No;1.93512;10.55208
Hombre;4.5;4525;3;No;Si;No;No;No;No;Si;No;13.479567;-88.560373;814.12146;0;Si;Si;Si;Si;No;Si;0.45584;2.44728
Hombre;5.59;5000;5.9;No;Si;No;No;No;No;No;No;13.573748;-88.945081;462;10;Si;Si;Si;No;Si;Si;0.21472;2.53
Hombre;1.06;1100;4;No;No;No;No;No;Si;No;No;13.925021;-89.424101;727;0;Si;No;No;Si;Si;Si;0.88;4.14128
Hombre;1.5;1500;5;Si;Si;No;No;No;Si;No;No;13.701757;-89.709344;212.716431;100;Si;Si;Si;Si;Si;No;0.89496;5.81152
Hombre;1.4;800;6;No;Si;No;No;No;No;Si;No;13.434602;-88.565987;369.818237;0;Si;No;Si;No;Si;Si;0.19184;2.77
Hombre;3.14;1570;6;Si;Si;No;No;No;No;No;No;13.697476;-89.392366;972.848145;0;Si;Si;Si;Si;Si;No;1.628;2.5256
Hombre;3.5;3000;3.7;Si;No;No;No;No;Si;No;No;13.876059;-90.061395;103;0;No;Si;Si;Si;No;No;0.1584;1.08944
Hombre;4.2;2700;6;No;Si;No;No;No;Si;No;No;13.759257;-89.838287;441.87439;0;No;Si;Si;Si;Si;No;0.2024;0.79288
Hombre;1.4;1350;6;No;No;No;No;No;Si;No;No;13.710871;-89.783659;188.793945;0;Si;Si;Si;Si;Si;No;0.90992;5.17088
Hombre;1.4;1200;7;No;Si;No;No;No;No;No;No;13.605445;-88.903298;851;0;Si;Si;Si;Si;Si;Si;0.22528;8.46
Hombre;3;3000;6;No;Si;No;No;No;No;No;No;13.324597;-88.571353;32.748474;0;Si;Si;Si;Si;No;Si;3.95296;23.584
Hombre;1.5;1200;9;No;Si;No;No;No;No;Si;No;13.625244;-88.840834;959.49939;0;Si;Si;No;No;No;Si;0.8932;5.84
Hombre;1.4;1450;6;No;Si;No;No;No;No;Si;No;13.755254;-89.68606;465;0;Si;Si;Si;No;No;Si;0.80168;2.5564
Hombre;1.32;1100;3.9;No;Si;No;No;No;No;Si;No;13.51358;-89.3555;1038;13.63636364;Si;No;Si;Si;Si;Si;0.1892;0.54208
Hombre;2;1600;6;No;No;No;No;No;Si;No;No;14.192946;-89.346645;601.593678;100;Si;Si;Si;Si;Si;No;5.83968;16.68832
Hombre;5.19;4332;3;Si;Si;No;No;No;No;No;No;13.696936;-89.437625;665.56799;0;Si;No;Si;Si;Si;No;0.1672;0.85448
Hombre;15.81;12710;3.3;No;Si;No;No;No;Si;No;No;13.927223;-89.810899;560;0;Si;Si;Si;Si;Si;No;3.26128;14.35016
Hombre;1.4;830;6.9;No;Si;No;No;No;No;Si;No;13.483245;-88.562457;800;2.409638554;Si;No;Si;No;Si;Si;0.11792;4.53
Hombre;2.1;2000;4.3;Si;No;No;No;No;Si;No;No;13.4000373;-88.7473836;23;75;Si;Si;Si;Si;Si;No;0.44;3.5
Hombre;20;22000;3;No;Si;No;No;No;No;Si;No;13.765441;-89.689892;500;100;Si;Si;Si;Si;Si;Si;2.35928;5.97872
Hombre;3.26;3400;4.1;No;No;Si;No;No;Si;No;No;13.645024;-89.89072;-12.452362;90;No;Si;Si;Si;No;No;3.51736;19.38552
Hombre;3.58;1275;3;No;No;No;No;Si;Si;No;No;13.699389;-89.470698;811;0;Si;No;No;Si;Si;No;0.12584;0.60104
Hombre;3.5;2500;6;No;Si;No;No;No;No;No;No;13.497921;-88.327275;828;0;Si;Si;Si;Si;Si;Si;2.6224;12.8596
Hombre;2.5;1100;4.6;No;Si;No;No;No;No;No;No;13.438144;-88.319016;672.227295;9.090909091;Si;Si;Si;Si;Si;Si;1.57608;7.9
Hombre;2;1000;5.6;No;Si;No;No;No;Si;Si;No;13.339078;-88.473705;94.047546;40;Si;Si;Si;No;Si;No;0.14256;1.94
Hombre;17.5;19472;4.2;Si;Si;No;No;No;No;No;No;13.421945;-89.080355;10.154297;100;Si;Si;Si;Si;Si;Si;13.31528;35.662
Hombre;1.05;1150;5;No;Si;No;No;No;Si;Si;No;13.668251;-88.825588;802.359131;0;No;Si;No;No;No;No;0.39336;2.34
Hombre;1.4;1000;4;Si;No;No;Si;No;No;No;Si;13.2258;-88.48086;96;100;Si;Si;Si;Si;Si;Si;0.57464;3.85
Hombre;2;1500;21.7;No;Si;No;No;No;Si;Si;No;13.42933;-88.50669;427.509033;0;Si;Si;Si;No;Si;Si;0.23584;5.47
Hombre;3.15;600;5;Si;No;No;No;No;Si;Si;No;13.687456;-89.639854;294;0;Si;Si;Si;Si;No;Si;1.08152;4.48
Mujer;4.5;5000;5.6;Si;No;Si;No;No;No;No;No;13.6476;-89.7704;94.4353;60;Si;Si;Si;Si;Si;No;7.56712;37.30496
Mujer;1.5;1500;4.9;No;No;No;No;No;Si;No;No;13.536038;-88.358298;485.97168;3.333333333;No;No;Si;No;Si;Si;0.7128;3.85
Hombre;1.08;1200;5;No;No;No;No;No;Si;No;No;13.865179;-88.12899;453;0;Si;Si;Si;No;Si;Si;0;0.4
Hombre;11.9;6800;4;No;Si;No;No;No;No;No;No;13.799623;-89.811135;748.04895;0;Si;No;Si;Si;Si;No;0.44792;2.2176
Hombre;1.4;1200;5;No;Si;No;No;No;No;No;No;13.729562;-89.482372;724.025024;0;Si;No;Si;Si;Si;No;1.56464;8.5272
Hombre;1.05;900;4;No;Si;No;No;No;Si;No;No;13.998774;-89.552399;681;100;Si;Si;Si;Si;No;No;4.01984;12.57344
Hombre;3.29;2200;4.4;No;Si;No;No;No;No;No;No;13.814041;-89.870158;761.732352;0;Si;Si;Si;Si;Si;No;0.5016;5.33176
Hombre;2;2000;6;No;Si;No;No;No;Si;No;No;13.565755;-88.537313;216.844543;0;Si;Si;No;Si;Si;Si;1.58224;8.06576
Mujer;1.2;758;5;No;Si;No;No;No;Si;No;No;13.806513;-89.919827;520.1604;0;Si;Si;Si;Si;No;No;0.17776;1.08944
Hombre;5.26;5425;3.5;No;No;No;No;No;Si;No;No;13.922483;-89.440671;832;0;Si;No;No;Si;Si;Si;1.90432;9.22592
Hombre;2.5;2000;6;No;No;No;No;Si;Si;No;No;13.517144;-88.389494;503.944214;1.5;Si;Si;No;Si;Si;Si;0.67936;3.8
Hombre;14.7;10500;6;No;Si;No;No;No;No;No;No;13.3945;-88.5412;660;0;No;Si;Si;No;Si;Si;1.03488;6.53
Hombre;13.1;7784;4.6;Si;Si;No;No;No;No;No;No;13.710701;-89.423037;528.856445;20.55498458;Si;No;Si;Si;Si;Si;7.15528;35.85384
Hombre;2.19;1500;4;No;Si;No;No;No;No;No;No;13.451654;-88.382268;420.908709;0;Si;Si;No;Si;Si;Si;0.4312;2.5
Hombre;1.76;1164;5;No;Si;No;No;No;Si;No;No;13.929613;-89.801995;747.797119;0;Si;Si;Si;Si;Si;No;0.28424;1.34288
Hombre;2;1000;4;No;No;No;No;No;Si;No;No;13.738115;-88.212397;1036.86828;0;Si;No;Si;Si;Si;Si;1.3332;4.51
Hombre;6.96;5000;5.2;No;Si;No;No;No;No;No;No;13.60449;-88.944993;559;90;Si;Si;No;No;Si;Si;0.31768;10.326666
Hombre;1.13;1200;6;Si;No;No;No;No;Si;No;No;13.75785;-90.097767;22.728699;0;No;Si;Si;Si;No;No;1.19592;6.18288
Hombre;6.3;5913;6;No;No;No;No;No;Si;No;No;13.753077;-89.829236;428.010864;0;Si;Si;Si;Si;No;No;2.85032;14.894
Hombre;1.98;1888;5.4;Si;Si;No;No;No;No;No;No;13.731305;-89.682324;366;0;Si;Si;Si;No;No;Si;3.86848;15.13
Hombre;1.53;1575;4;No;Si;No;No;No;No;No;No;13.697405;-89.477933;906.447096;0;Si;No;Si;Si;Si;Si;1.77056;9.15904
Hombre;1.16;620;6;No;Si;No;No;No;Si;No;No;13.76625;-89.83721;444;0;Si;No;Si;Si;Si;No;0.50512;3.33608
Hombre;163;163000;46.1;Si;Si;No;Si;No;No;No;Si;13.2896806;-88.5014207;15;12.26993865;Si;Si;Si;Si;Si;Si;104.29408;425
Mujer;1.11;1106;6;Si;Si;No;No;No;No;Si;No;13.753502;-89.684466;450.568115;0;No;Si;Si;Si;No;No;0;0.00264
Hombre;2.44;1500;4.8;Si;No;No;Si;No;No;No;Si;13.35566;-88.76073;40;20;Si;Si;Si;Si;Si;Si;1.37368;10.05
Hombre;6;6000;5;No;No;No;No;Si;Si;No;No;13.441714;-88.466059;671.282837;0;Si;Si;No;Si;No;Si;3.23048;16.88808
Hombre;2.94;1500;4.1;Si;No;No;No;No;Si;No;No;13.3877846;-88.7471053;20;93.33333333;Si;Si;Si;Si;Si;Si;1.0692;13.5
Mujer;7.35;3000;10.5;No;Si;No;No;No;No;Si;No;13.495514;-88.413543;815.54047;6.666666667;Si;Si;Si;Si;Si;Si;1.9404;10.332
Hombre;7;6016;3.9;No;Si;No;Si;No;No;No;Si;13.276178;-88.423679;5.816284;49.86702128;Si;Si;Si;Si;Si;Si;0.3696;9.57
Mujer;3.15;1600;6.8;No;Si;No;No;No;No;No;No;13.611884;-88.928115;603;12.5;Si;Si;Si;Si;Si;Si;0.20592;3.44
Mujer;2.1;2000;4.6;No;Si;No;No;No;No;No;No;13.706413;-89.487607;907;0;Si;No;Si;Si;Si;No;1.06832;5.15152
Hombre;1.5;1500;5.9;No;No;No;Si;No;No;No;Si;13.221172;-88.5536443;7;13.33333333;Si;Si;Si;Si;No;Si;1.95184;10.24
Hombre;13.92;15394;5;Si;No;Si;No;No;Si;No;No;13.551689;-89.737838;13;100;Si;Si;Si;Si;No;Si;10.8064;47.57632
Hombre;1.4;800;5.4;No;Si;No;No;No;No;No;No;13.593176;-88.953457;508;18.75;Si;Si;Si;Si;Si;Si;0.18304;3.26
Hombre;1.42;666;5;No;No;No;No;Si;Si;No;No;13.68015;-89.429293;930.515015;0;Si;No;Si;Si;Si;Si;0.42856;2.25192
Mujer;3;2700;6;Si;No;No;No;No;No;No;No;13.728552;-89.658814;382.417236;100;Si;Si;Si;Si;No;Si;2.90928;11.62
Hombre;3.22;2000;4;No;Si;No;No;No;Si;No;No;13.786516;-89.831885;620.999756;0;No;Si;Si;Si;Si;No;0.2068;1.1132
Hombre;10.4;11361;3;No;Si;No;No;No;Si;No;No;13.951813;-89.545396;650;0;Si;No;Si;Si;Si;Si;4.8136;13.58984
Hombre;2.75;2500;6.6;No;Si;No;No;No;No;No;No;13.603095;-88.91778;686;20;Si;Si;Si;No;Si;Si;0.25872;6.219999
Hombre;1.05;150;6.9;No;Si;No;No;No;No;No;No;13.620514;-88.94419;501.891357;6.666666667;Si;Si;No;No;Si;Si;0.15224;0.84
Hombre;3;2700;4;No;Si;No;No;No;No;Si;No;13.2618;-88.3328;668.6;0;Si;Si;Si;Si;Si;Si;2.14632;11.45408
Mujer;4.4;3400;4.8;No;Si;No;No;No;No;Si;No;13.477552;-88.557315;862.235352;0;Si;Si;Si;Si;No;Si;3.99608;19.8356
Hombre;1.42;400;4;No;Si;No;No;No;No;Si;No;13.52807;-89.34064;901;0;Si;No;Si;Si;Si;Si;0.2156;0.61688
Hombre;2.82;1692;5;No;No;Si;No;No;Si;No;No;13.693753;-89.81616;140.187256;0;No;Si;Si;Si;No;No;1.09296;5.58536
Hombre;1.9;1800;4.9;No;Si;No;No;No;No;No;No;13.659943;-88.921891;560.236572;50;Si;Si;Si;Si;Si;Si;0.91168;7.28
Hombre;7;7000;5.9;No;No;No;Si;No;No;No;Si;13.236089;-88.5918;9;14.28571429;Si;Si;Si;Si;No;Si;7.12008;39.12
Hombre;1.92;400;4.8;No;Si;No;No;No;No;No;No;13.590312;-88.957692;465;25;Si;Si;Si;Si;Si;Si;0.21032;2.27
Hombre;2.1;1500;8.3;No;Si;No;No;No;Si;No;No;13.415039;-88.572593;288;0;No;No;Si;Si;Si;No;0.17072;3.54
Hombre;5.5;4500;3.6;No;Si;No;No;No;Si;No;No;13.511108;-88.552071;752.63;44.44444444;Si;Si;Si;Si;Si;Si;2.68048;13.9479
Hombre;1.37;768;6;No;Si;No;No;No;No;Si;No;13.73538;-89.670337;392;100;Si;Si;Si;Si;No;Si;1.29272;2.43496
Mujer;2;2000;6;No;Si;No;No;No;No;No;No;13.497243;-88.558702;916;0;Si;Si;Si;Si;Si;Si;0.8976;4.72208
Hombre;1.3;1100;5.3;No;Si;No;No;No;No;No;No;13.513316;-88.847871;216.898132;68.18181818;Si;Si;Si;Si;Si;No;0.91344;8.6
Hombre;3.5;3000;5;No;Si;No;No;No;No;No;No;13.493067;-88.35082;837.156738;0;Si;Si;Si;Si;Si;Si;3.86496;19.35
Hombre;1.58;1395;5;No;Si;No;No;No;Si;No;No;13.633778;-89.562715;637;0;Si;Si;Si;Si;No;No;0.52184;2.1208
Hombre;2;1200;3.9;No;No;No;No;Si;Si;No;No;13.733315;-88.214143;896.37915;12.5;Si;Si;Si;Si;Si;Si;1.07096;5.06
Hombre;4.9;5161;7.6;No;No;Si;No;No;Si;Si;No;13.966646;-89.57336;721.668213;9.688044953;Si;No;Si;Si;Si;Si;15.83736;61.50936
Hombre;3.5;3500;11;Si;No;No;No;No;No;No;No;13.719018;-89.648809;391;28.57142857;Si;Si;Si;No;No;Si;5.75696;21.28
Hombre;1.05;750;5.1;No;No;No;No;No;Si;No;No;13.370658;-88.655698;34.105164;93.33333333;No;Si;Si;Si;Si;Si;0.15312;3.08
Hombre;3.6;3600;5.6;Si;Si;No;Si;No;No;No;Si;13.285015;-88.564653;6.320862;72.22222222;Si;Si;Si;Si;No;Si;4.4924;23.7736
Hombre;1.5;1250;6;No;No;Si;No;No;Si;No;No;13.990208;-89.64882;550;48;Si;Si;Si;Si;Si;No;2.71128;9.76976
Hombre;2.5;700;4.3;No;Si;No;No;No;Si;No;No;13.507455;-88.380617;518.937744;71.42857143;Si;Si;Si;Si;Si;Si;0.5984;3
Hombre;2.45;2200;4.5;No;No;No;No;Si;Si;No;No;13.657811;-88.804404;478.081543;77.27272727;Si;Si;Si;Si;Si;No;1.2408;7.68
Hombre;10.5;8000;6.2;No;Si;No;No;No;No;Si;No;13.45753;-88.494871;751;17;Si;Si;Si;No;Si;Si;0.33528;18.49
Hombre;2;1400;4.8;Si;Si;No;No;No;No;No;No;13.496236;-89.075517;76;21.42857143;Si;Si;Si;Si;Si;Si;1.06392;5.15
Hombre;2;1000;7.5;No;Si;No;No;No;Si;Si;No;13.433537;-88.54046;709;50;No;Si;Si;No;Si;Si;0.2684;4.17
Hombre;2.8;3000;6;No;Si;No;No;No;No;No;No;13.490229;-88.525706;1108.77966;0;Si;Si;Si;Si;Si;Si;1.5444;7.75544
Hombre;4.41;4000;4.9;No;Si;No;No;No;No;Si;No;13.487368;-88.412204;807.922363;12.5;Si;Si;No;Si;Si;Si;1.52856;9.002
Hombre;1.5;255;5.1;No;Si;No;No;No;No;No;No;13.600719;-88.966452;403.785767;33.33333333;Si;Si;Si;Si;Si;Si;0.36168;3.41
Hombre;1.4;850;4;Si;No;No;Si;No;No;No;Si;13.37943;-88.74603;14;100;Si;Si;Si;Si;Si;No;0.89232;7.95
Hombre;2.45;1904;6;No;Si;No;No;No;Si;No;No;13.807734;-89.919451;546.251099;0;No;Si;Si;Si;No;No;0.50776;3.26744
Hombre;2.24;2240;5;No;No;No;No;No;Si;No;No;13.638309;-89.536514;659;0;Si;No;Si;Si;Si;No;0.65208;2.77464
Hombre;1.68;1800;4.7;No;Si;No;No;No;No;No;No;13.704821;-89.487607;907;0;Si;No;Si;Si;Si;No;0.53504;2.4508
Mujer;2;1800;8;No;Si;No;No;No;Si;No;No;13.825099;-89.948599;709.95947;0;No;Si;Si;Si;No;No;0.96184;5.43224
Hombre;1.1;1100;5.1;No;No;No;No;Si;Si;No;No;13.648001;-88.9158979;548;45.45454545;Si;Si;Si;Si;No;No;0.99264;5.213333
Hombre;1.8;1800;5.6;Si;Si;No;Si;No;No;No;Si;13.290382;-88.565644;2.558594;44.44444444;No;Si;Si;Si;No;Si;2.4508;13.5436
Hombre;5.05;4500;5.9;No;Si;No;No;No;Si;No;No;13.555074;-88.386156;324.808228;8.888888889;Si;Si;Si;Si;Si;Si;1.14576;4.452
Mujer;1.8;800;5.9;No;Si;No;No;No;No;No;No;13.619546;-88.940634;554;37.5;Si;Si;Si;No;Si;Si;0.2948;4.39
Mujer;6.97;3850;4;No;Si;No;No;No;Si;No;No;13.5565;-89.34085;847;94.85714286;Si;No;Si;Si;Si;No;2.2704;6.4328
Mujer;5.5;5600;6;Si;No;No;No;No;No;No;No;13.725014;-89.666765;378;0;Si;Si;Si;Si;No;Si;9.00064;34.17568
Mujer;1.3;800;4;No;No;Si;No;No;Si;No;No;13.722731;-88.227375;935.17566;0;Si;Si;Si;Si;Si;Si;0.41008;2.354
Hombre;1.4;1300;3.4;No;Si;No;No;No;Si;No;No;13.663801;-89.539525;647;0;Si;No;Si;No;No;No;0.4268;1.72128
Mujer;1.79;1275;5;No;Si;No;No;No;Si;No;No;13.785877;-89.856675;513.169189;0;Si;No;Si;Si;Si;No;0.16896;1.40896
Hombre;1.5;1500;6;No;No;No;No;Si;Si;No;No;13.914187;-88.141347;753;0;Si;Si;Si;No;Si;Si;2.0988;5.836
Hombre;1.33;760;5;No;Si;No;No;No;Si;No;No;13.796374;-89.875232;540.299316;0;Si;No;Si;No;Si;No;0.15488;1.38872
Mujer;1.55;800;6.7;No;Si;No;No;No;Si;No;No;13.526494;-88.435429;556.833984;15;No;Si;Si;No;Si;Si;0.09944;3.49
Hombre;3.14;3200;5;No;No;No;No;No;Si;No;No;13.760793;-89.539193;667.281128;100;Si;No;Si;Si;No;No;0.83512;3.5112
Mujer;1.4;300;3;No;Si;No;No;No;No;No;No;13.47876;-88.946634;94;100;Si;Si;Si;Si;Si;Si;0.04752;0.43
Hombre;2.8;2500;4;No;No;No;No;No;No;Si;No;13.771901;-89.648475;653.912231;100;Si;Si;Si;Si;No;No;2.61008;8.22536
Hombre;2.45;2000;6.5;No;Si;No;No;No;No;No;No;13.619383;-88.940292;568.249268;25;Si;No;Si;No;Si;Si;0.35904;8.96
Hombre;4.32;4800;4.4;No;No;No;No;No;Si;No;No;13.800155;-88.27846;884.20166;0;Si;Si;Si;Si;Si;Si;1.92632;9.65
Hombre;2.07;1314;5;No;No;No;No;No;No;Si;No;13.752539;-89.661701;462;0;Si;Si;Si;Si;No;Si;2.57488;8.19808
Mujer;1.76;756;5;Si;No;No;No;No;Si;Si;No;13.755957;-89.501465;574.058838;0;Si;No;Si;No;No;No;0.36872;1.44848
Hombre;3.5;3500;6;Si;No;No;No;No;No;No;No;13.731155;-89.73131;272.433777;2.857142857;Si;Si;Si;Si;No;Si;9.79;34.72
Hombre;1.13;450;5;No;Si;No;No;No;No;Si;No;13.50256;-88.484177;1243.4376;0;Si;Si;No;Si;No;Si;0.31592;1.68256
Hombre;3.4;1750;5;No;Si;No;No;No;Si;No;No;13.623288;-89.371669;951.376587;0;Si;Si;Si;Si;Si;No;1.0604;1.672
Mujer;4.5;4580;4;No;Si;No;No;No;No;Si;No;13.477088;-88.55895;823.812012;0;Si;Si;Si;Si;Si;Si;3.07032;15.96408
Hombre;2;2150;6;Si;No;No;No;No;Si;Si;No;13.652043;-89.683656;165;0;Si;Si;Si;Si;Si;No;3.45752;16.56952
Mujer;1.4;1450;6;No;Si;No;No;No;Si;No;No;13.695351;-89.565382;521.436646;0;Si;No;Si;No;No;No;0.42504;1.65088
Hombre;2.45;1500;6.7;No;Si;No;No;No;Si;Si;No;13.415002;-88.506017;381;33.33333333;Si;Si;Si;No;Si;Si;0.18744;6.65
Hombre;2.8;2000;6.7;No;Si;No;No;No;No;No;No;13.611274;-88.92259;672;15;Si;Si;Si;Si;Si;Si;0.32384;11.08
Hombre;2;1700;5;No;Si;No;No;No;No;No;No;13.706143;-89.488146;930;0;Si;Si;Si;Si;Si;No;0.99264;4.79864
Hombre;4;4000;8;No;No;No;No;Si;Si;No;No;13.710141;-89.679537;309;2.5;Si;Si;Si;Si;No;Si;8.3556;31.70024
Hombre;8;6216;6;No;Si;No;No;No;Si;No;No;13.493225;-88.526411;1065.02612;0;Si;Si;Si;Si;Si;Si;5.0556;180.4
Hombre;1.75;1000;4.6;No;Si;No;No;No;Si;No;No;13.506895;-88.537589;896.928101;40;Si;Si;Si;No;Si;Si;0.1276;6.15
Hombre;1.4;1200;7;No;Si;No;No;No;No;No;No;13.637055;-89.475782;865;0;Si;No;Si;Si;Si;No;1.00936;5.07144
Hombre;1.4;1000;4;Si;Si;No;No;No;No;No;No;13.464083;-88.875128;29;100;Si;Si;Si;Si;Si;No;0.79112;5.55
Hombre;2.21;2057;5;No;No;No;No;Si;Si;No;No;13.651119;-89.336973;946.405273;0;Si;Si;Si;Si;Si;No;1.694;5.4296
Hombre;6;5900;3.2;Si;Si;No;No;No;No;No;No;13.403768;-88.870467;21.445831;76.27118644;Si;Si;Si;Si;Si;Si;1.2672;9.5
Hombre;2;1200;4.2;Si;No;No;Si;No;No;No;Si;13.33608;-88.75057;5;83.33333333;Si;Si;Si;Si;Si;Si;0.69696;7.85
Hombre;3;2000;5;No;Si;No;No;No;No;No;No;13.50132;-88.329564;809;0;Si;Si;No;Si;No;Si;3.30704;16.55
Hombre;1.4;1400;4;No;No;No;No;No;Si;No;No;13.84708;-89.43386;583.3;0;Si;No;No;Si;Si;Si;0.18656;0.72248
Mujer;6.16;1875;4;No;Si;No;No;No;Si;No;No;13.5557;-89.34064;898;100;Si;No;Si;Si;Si;No;2.05128;5.86432
Hombre;2.8;900;4.3;Si;Si;No;No;No;No;No;No;13.409265;-88.87244;29;72.22222222;Si;Si;Si;Si;Si;Si;1.10968;8.1
Hombre;5.6;5000;13.4;No;Si;No;No;No;No;No;No;13.661684;-88.875132;705.979004;0;Si;Si;Si;Si;No;Si;1.55936;11.49
Hombre;1.5;920;5.9;No;No;No;No;Si;Si;No;No;13.653;-88.8093;488.026;6.52173913;Si;Si;Si;Si;Si;No;0.14168;4.98
Hombre;19.5;10064;4.1;No;Si;No;No;No;Si;No;No;13.627004;-89.372295;1033.81262;46.07511924;Si;Si;Si;Si;Si;No;1.27336;5.22192
Hombre;1.75;1150;5;Si;No;No;No;No;Si;No;No;13.38905;-88.74151;13;86.95652174;Si;Si;Si;Si;Si;No;1.19944;8.45
Hombre;6;6500;5.1;No;No;No;Si;No;No;No;Si;13.236519;-88.707852;-17.309845;92.30769231;Si;No;Si;Si;Si;Si;3.85;16.2076
Hombre;4.9;3500;6;No;No;No;No;No;No;Si;No;13.77426;-89.626566;724.740723;100;Si;Si;Si;Si;No;Si;2.42;6.1292
Hombre;2;1500;5.3;No;No;No;No;No;Si;No;No;13.483928;-88.67301;22;73.33333333;Si;Si;Si;Si;Si;Si;0.20504;3.62
Hombre;1.05;750;7;No;No;No;No;No;Si;No;No;13.373521;-88.657516;18.945068;0;Si;Si;Si;No;Si;Si;0.15488;2.4
Hombre;11.89;1250;4.2;No;Si;No;No;No;No;No;No;13.51234;-88.81304;219;84;Si;Si;Si;Si;Si;No;1.61304;11.8
Hombre;1.4;900;6;No;Si;No;No;No;No;No;No;13.80938;-89.70812;732;0;Si;No;Si;Si;Si;No;0.61248;4.092
Mujer;1.05;800;4;No;Si;No;No;No;Si;No;No;13.589456;-89.493232;450;0;Si;Si;Si;Si;Si;No;0.8184;1.3992
Mujer;1.68;500;5.5;No;No;No;No;No;Si;No;No;13.610006;-89.578928;323.358154;50;Si;No;Si;No;No;No;0.13904;0.46728
Hombre;1.4;400;4.3;No;Si;No;No;No;No;No;No;13.595067;-88.948476;542.595947;62.5;Si;Si;Si;Si;Si;Si;0.198;1.8
Hombre;1.34;1106;5;No;Si;No;No;No;No;Si;No;13.771877;-89.657212;577.294434;100;Si;Si;Si;Si;No;No;1.40272;4.48624
Mujer;3.15;3150;3;No;Si;No;No;No;Si;No;No;13.637797;-89.569374;546.19458;0;Si;No;Si;No;Si;No;0.3476;1.5224
Hombre;1.4;1800;11.9;No;Si;No;No;No;No;No;No;13.610828;-88.92355;665;0;Si;Si;Si;Si;Si;Si;0.48136;10.3
Hombre;1.4;800;5;No;Si;No;No;No;Si;Si;No;13.420727;-88.546811;448;50;Si;Si;Si;No;Si;Si;0.1804;3.3
Hombre;1.35;760;5.9;Si;No;No;No;No;Si;No;No;13.6031;-88.6118;28.5;6.578947368;Si;Si;Si;Si;Si;Si;0.10296;3.32
Hombre;2.2;2300;5.3;No;Si;No;No;No;Si;No;No;13.478471;-88.277212;654.806526;43.47826087;Si;Si;Si;Si;Si;Si;2.1692;11.3
Mujer;4;3000;4;No;No;No;No;Si;Si;No;No;13.743669;-88.215438;1003;3.333333333;Si;Si;Si;Si;Si;Si;3.67312;13.09
Hombre;3.5;3000;3.7;No;Si;No;No;No;Si;No;No;13.902157;-89.825876;927;0;Si;Si;Si;Si;Si;No;1.04368;4.68864
Mujer;2.24;1600;4;No;Si;No;No;No;Si;No;No;13.622655;-89.469297;823.042066;100;Si;Si;Si;Si;Si;No;0.8096;1.2188
Hombre;1.4;1000;9;No;Si;No;No;No;Si;Si;No;13.411576;-88.508589;347.958923;0;Si;Si;Si;No;Si;Si;0.22792;4.42
Hombre;1.12;802;5;No;Si;No;No;No;No;No;No;13.772014;-89.715953;512;0;Si;Si;Si;Si;Si;No;0.38896;2.56736
Hombre;1.4;1000;5.6;No;Si;No;No;No;No;No;No;13.430105;-88.58526;297.486145;20;Si;Si;No;Si;Si;Si;0.17952;3.81
Hombre;2.5;500;7;No;Si;No;No;No;No;No;No;13.616976;-88.932005;601.834961;0;Si;Si;Si;Si;Si;Si;0.23672;4.29
Hombre;2.1;1200;7.8;No;Si;No;No;No;No;No;No;13.450189;-88.487107;664;4.166666667;Si;Si;Si;Si;Si;Si;0.1408;5.61
Hombre;2.63;2500;3.7;Si;No;No;No;No;No;Si;No;13.705391;-89.335637;692.200772;100;Si;Si;Si;Si;Si;No;1.716;1.342
Hombre;1.2;1200;4.9;No;No;No;No;No;Si;No;No;13.4348;-88.1315;1135;12.5;Si;Si;Si;Si;Si;Si;2.72008;10.23
Mujer;4.9;1622;5;No;No;No;No;Si;Si;No;No;13.514651;-88.488978;1036.20764;2.15782984;Si;Si;Si;Si;Si;Si;0.98912;5.08288
Mujer;2.8;2000;6.4;No;Si;No;No;No;No;No;No;13.442088;-88.558132;480.752014;20;Si;Si;Si;Si;Si;Si;0.21736;4.97
Hombre;3.09;2500;4;No;Si;No;No;No;Si;No;No;13.945418;-89.821384;560;0;Si;Si;Si;Si;Si;No;0.1276;0.62216
Hombre;1.35;908;5;Si;Si;No;No;No;Si;No;No;13.759152;-89.489838;584.602539;0;Si;No;Si;Si;No;No;0.32032;1.26456
Hombre;1.75;500;10.2;No;Si;No;No;No;No;No;No;13.603846;-88.943125;579.989014;40;Si;Si;Si;Si;Si;Si;0.31944;4.84
Hombre;12.31;10998;4;No;Si;No;No;No;Si;No;No;13.595992;-89.443695;800;0;Si;Si;Si;Si;Si;No;1.32;1.4036
Hombre;1.8;1600;5;No;Si;No;No;No;No;No;No;13.515146;-88.459188;681.44873;0;Si;Si;No;Si;Si;Si;0.64944;3.3176
Hombre;3.6;3240;5;No;Si;No;No;No;Si;No;No;13.753827;-89.829606;435;0;No;Si;Si;Si;Si;No;0.42504;2.44112
Mujer;1.5;1500;6;No;Si;No;No;No;Si;No;No;13.5077778;-88.3275;705;0;Si;Si;Si;Si;Si;Si;2.46752;12.35
Hombre;2.28;788;6;No;Si;No;No;No;Si;Si;No;13.721429;-89.56596;510.422424;0;Si;No;Si;Si;Si;No;0.4928;2.19648
Hombre;1.5;1200;6;No;No;No;No;Si;Si;No;No;13.795;-88.2657;915.841;0;Si;Si;Si;Si;No;Si;2.63296;9.55
Hombre;3.29;3136;4;No;Si;No;No;No;Si;No;No;13.688457;-89.577867;637.294312;48.97959184;Si;No;Si;Si;No;No;0.39776;1.7644
Hombre;6.3;3575;5;No;Si;No;No;No;No;No;No;13.526692;-88.450596;555.040283;0;Si;No;No;Si;Si;Si;2.44464;12.43088
Mujer;1.5;1750;4;Si;No;No;No;No;Si;Si;No;13.682687;-89.686839;202.468628;0;Si;Si;Si;Si;No;Si;0.87208;3.87
Hombre;8;8300;4;No;No;No;No;Si;Si;No;No;13.794946;-88.246385;1015.81921;3.614457831;Si;Si;Si;Si;Si;Si;1.4916;8.58
Mujer;2;1400;5.6;No;Si;No;No;No;Si;No;No;13.620092;-88.821539;841.910156;35.71428571;Si;Si;Si;Si;Si;Si;0.69872;4.31
Hombre;2.1;500;4;No;Si;No;No;No;No;Si;No;13.882156;-89.565845;938.657959;0;Si;No;Si;Si;Si;No;0.31504;0.89936
Mujer;1.7;1200;5.5;No;Si;No;No;No;No;No;No;13.619527;-88.928489;653.647461;75;Si;Si;Si;Si;Si;Si;0.27192;8.12
Mujer;3;2800;6;Si;No;Si;No;No;Si;No;No;13.548689;-89.683493;-10.690186;0;Si;Si;Si;Si;Si;No;1.98528;13.2264
Hombre;2;2080;3;No;Si;No;No;No;No;No;No;13.446955;-88.54123;728.710938;0;Si;Si;No;Si;No;Si;2.52296;12.89288
Hombre;1.2;550;6;No;No;No;Si;No;Si;No;Si;13.277168;-88.34662;4.835388;0;Si;Si;Si;No;Si;No;0.19184;2.99
Hombre;1.75;1200;6.5;No;Si;No;No;No;No;No;No;13.602132;-88.914881;751;16.66666667;Si;Si;Si;Si;Si;Si;0.11264;1.09
Hombre;1.05;750;6.7;No;Si;No;No;No;Si;Si;No;13.352474;-88.479141;147;13.33333333;Si;No;No;No;Si;Si;0.08888;2.65
Hombre;2.5;1500;5;No;No;No;No;Si;Si;No;No;13.756747;-88.215442;1122.23938;0;Si;Si;Si;Si;Si;Si;1.84624;8.25
Hombre;4.8;3000;3;No;No;No;No;Si;Si;No;No;13.929566;-88.162905;834;100;Si;Si;Si;No;Si;Si;2.28448;13.1472
Hombre;1.2;1200;6;Si;Si;No;No;No;Si;No;No;13.6916;-89.7141;196.355;0;Si;Si;Si;Si;Si;No;2.7984;10.94016
Mujer;2.57;1352;5.5;No;Si;No;No;No;No;Si;No;13.763972;-89.681803;518.181641;52.95857988;Si;Si;Si;Si;No;No;1.76176;5.62408
Hombre;27;4050;4;No;Si;No;No;No;No;Si;No;13.56779;-88.82171;817;98.7654321;Si;Si;Si;Si;Si;No;1.18272;11.3
Hombre;2;2000;6;No;Si;No;No;No;No;Si;No;13.5961;-88.8765;963.372;0;Si;Si;Si;No;Si;No;0.72512;4.9
Hombre;2.57;848;5;Si;Si;No;No;No;No;Si;No;13.742055;-89.630428;509;0;No;Si;Si;Si;No;No;1.20384;2.96384
Hombre;3;2800;6;No;No;No;No;No;Si;No;No;13.751419;-89.821933;361.180413;0;Si;Si;Si;No;No;No;2.36016;12.97648
Hombre;2.09;175;4.6;Si;Si;No;No;No;No;No;No;13.435745;-88.96403;20.983093;42.85714286;Si;Si;Si;Si;Si;Si;0.06776;0.37
Hombre;3;3000;3.7;No;Si;No;No;No;Si;No;No;13.227003;-88.626514;6.870804;33.33333333;Si;Si;Si;Si;No;Si;2.30824;14.29
Hombre;9.83;7780;3.6;Si;Si;No;No;No;No;No;No;13.711689;-89.45606;777;10.02570694;Si;No;No;Si;Si;Si;1.22496;6.19168
Hombre;1.63;729;4;No;Si;No;No;No;Si;No;No;13.601236;-89.363047;834.951631;0;Si;Si;Si;Si;Si;No;0.484;0.9592
Hombre;2;1300;6;No;No;No;No;Si;Si;No;No;13.804314;-88.191912;654;0;Si;Si;Si;Si;Si;Si;1.4784;3.844
Hombre;2.5;2500;8;Si;Si;No;No;No;No;No;No;13.7347;-89.6742;378;12;Si;Si;Si;No;No;Si;2.72536;10.96
Hombre;5.38;5000;4;No;Si;No;No;No;Si;No;No;13.69666;-89.535199;696.904995;0;Si;No;Si;No;No;No;0.87648;3.77432
Hombre;1.4;1400;5;Si;Si;No;No;No;Si;No;No;13.693491;-89.713881;190.54834;0;Si;Si;Si;Si;Si;No;0.60192;2.35488
Hombre;1.6;1600;6;Si;No;Si;No;No;Si;No;No;13.668878;-88.433046;92.4151;100;Si;Si;Si;Si;Si;Si;0.9196;5.01248
Hombre;2.94;2500;6.8;No;Si;No;No;No;No;No;No;13.591426;-88.940707;558;12;Si;Si;Si;Si;Si;Si;1.02432;6.52
Hombre;2.1;820;3.8;No;Si;No;No;No;No;No;No;13.485304;-88.8798669;53;81.70731707;Si;Si;Si;Si;Si;Si;1.35608;9.65
Hombre;1.4;800;4;Si;No;No;Si;No;No;No;Si;13.34046;-88.76921;7;100;Si;Si;Si;Si;Si;Si;0.83248;6.7
Hombre;5.95;2000;3.6;No;Si;No;No;No;Si;No;No;13.988457;-89.550135;680;0;Si;No;Si;Si;Si;No;1.45552;4.23984
Mujer;4.56;2200;3.7;No;No;Si;No;No;Si;No;No;14.3504;-89.38608;624;0;Si;No;Si;Si;Si;No;0.0924;0.2596
Hombre;1.4;1000;6;No;No;No;No;No;Si;No;No;13.503992;-88.670159;31;0;Si;Si;Si;No;Si;Si;0.13904;2.64
Hombre;5.5;4000;5;Si;No;No;No;No;No;No;No;13.728566;-89.658786;387.088745;100;Si;Si;Si;No;No;No;1.77936;6.85
Hombre;1.08;1200;4.5;No;No;No;No;Si;Si;No;No;13.81088;-88.18896;664;33.33333333;Si;Si;Si;Si;Si;Si;2.61976;13.2
Hombre;2.1;998;4.2;No;Si;No;No;No;No;No;No;13.479598;-88.879375;28;80.16032064;Si;Si;Si;Si;Si;Si;1.122;6.9
Hombre;1.06;965;6;No;Si;No;No;No;No;No;No;13.817003;-89.870753;780.970459;0;Si;No;Si;Si;Si;No;2.55992;3.43784
Mujer;2.1;1200;4.8;No;Si;No;No;No;Si;No;No;13.5063;-88.5569;771.57;25;Si;No;Si;No;Si;Si;0.17512;5.35
Hombre;1.3;725;5;No;No;No;No;Si;Si;No;No;13.33076;-88.379558;51;96.55172414;Si;Si;Si;No;Si;Si;0.23408;3.6
Hombre;2.19;2240;5;No;Si;No;No;No;Si;No;No;13.781926;-89.799352;611.135742;0;Si;No;No;Si;Si;No;0.20768;0.76824
Hombre;1.4;950;5.9;No;No;No;No;Si;Si;No;No;13.679311;-88.772345;537;5.263157895;Si;Si;Si;Si;No;Si;0.51392;3.04
Hombre;1.35;750;6;Si;No;No;No;No;Si;No;No;13.6116;-88.6275;190;0;Si;Si;Si;Si;Si;Si;0.08976;3.2
Hombre;24.15;6700;3.4;No;No;No;No;No;Si;No;No;13.632424;-89.531419;676;85.07462687;Si;No;Si;Si;No;No;1.97208;9.48112
Hombre;1.4;900;4;Si;No;No;Si;No;No;No;Si;13.3837;-88.75474;17;100;Si;Si;Si;Si;Si;Si;1.26016;11.95
Hombre;1.4;1556;5;No;Si;No;No;No;No;No;No;13.764951;-89.705913;429.647095;0;Si;Si;Si;Si;Si;No;1.11584;6.69152
Mujer;3.5;3500;5;No;Si;No;No;No;No;No;No;13.303179;-88.584404;-1.106018;100;Si;Si;Si;Si;No;Si;3.696;20.426
Hombre;1.82;2000;6;No;Si;No;No;No;No;No;No;13.389166;-88.418917;200.671814;0;Si;Si;Si;Si;Si;Si;1.35256;7.0572
Hombre;3.7;4000;6;No;Si;No;No;No;No;No;No;13.708279;-89.473564;852;0;Si;No;No;Si;Si;Si;6.15384;32.26608
Hombre;3.15;1600;6.5;No;Si;No;No;No;No;No;No;13.610059;-88.922671;676;20.625;Si;Si;Si;Si;Si;Si;0.2244;5.7
Hombre;1.1;600;4.5;No;Si;No;No;No;No;No;No;13.611359;-88.960994;404;25;Si;Si;Si;Si;Si;Si;0.09944;1.03
Hombre;1.4;500;3;No;Si;No;No;No;Si;No;No;13.789619;-89.849869;632.985596;0;Si;No;Si;Si;Si;No;0.02376;0.202
Hombre;2.5;2250;5.9;No;No;No;No;No;No;Si;No;13.767485;-89.62726;687;100;Si;Si;Si;Si;No;Si;2.18416;5.58184
Hombre;2;950;3;No;No;Si;No;No;Si;No;No;13.710704;-89.843137;209.863403;0;No;Si;Si;Si;Si;No;0.18656;1.09824
Hombre;2.45;1800;5;No;No;Si;No;No;No;No;No;13.579486;-89.800538;29.728394;0;No;Si;Si;No;Si;No;0.08712;0.48488
Hombre;2;2000;6;Si;No;No;No;No;Si;Si;No;13.6794;-89.7094;178;0;Si;Si;Si;Si;Si;No;2.23168;14.24544
Hombre;2;1500;3.9;No;Si;No;No;No;No;No;No;13.478173;-88.358425;926.288958;6.666666667;Si;Si;Si;Si;No;Si;1.99232;9.98
Hombre;7.75;3500;3;Si;Si;No;No;No;No;Si;No;13.739056;-89.633328;483;100;Si;Si;Si;Si;No;Si;2.75088;11.95
Hombre;2;2000;6;No;No;No;No;Si;Si;No;No;13.441939;-88.313358;526.258057;2.5;Si;Si;Si;Si;Si;Si;3.0008;15.05
Hombre;2;1500;3;Si;Si;No;No;No;No;Si;No;13.43408;-89.154838;10.506863;0;Si;Si;Si;Si;Si;No;0.924;1.4828
Hombre;1.5;1300;6.8;No;No;No;No;No;Si;No;No;13.951769;-88.149203;663;0;Si;Si;Si;Si;Si;Si;3.58072;25.848
Hombre;5.67;6300;3;No;No;No;No;No;Si;No;No;13.932513;-89.72932;913.419434;100;Si;Si;Si;Si;Si;No;1.70368;8.92056
Hombre;1.8;1166;5.3;No;Si;No;No;No;Si;No;No;13.685128;-89.577727;610.1698;0;Si;No;Si;No;No;No;0.3916;1.61304
Mujer;1.58;1125;3.7;No;No;No;No;No;Si;No;No;13.910947;-89.439413;893.401489;0;Si;No;No;Si;Si;Si;0.63272;3.09232
Mujer;1.6;1600;4;No;Si;No;No;No;No;Si;No;13.477149;-88.559799;799.136841;0;Si;Si;Si;No;Si;Si;1.67112;8.81232
Hombre;9.1;8607;4.4;No;No;No;No;No;Si;No;No;13.592944;-89.533561;530.920776;100;Si;Si;Si;Si;Si;No;0.9284;1.122
Hombre;1.5;1500;4;No;No;No;No;Si;Si;No;No;13.759356;-88.215926;1128.13366;0;Si;Si;Si;Si;Si;Si;1.69224;9.79
Hombre;4;4000;3.6;No;No;Si;No;No;No;No;No;13.560832;-89.80673;-1.309937;0;No;Si;Si;Si;Si;No;0.46904;2.83192
Hombre;6.86;7000;4;Si;No;No;No;No;Si;Si;No;13.6571;-89.7067;142.626;71.42857143;Si;Si;Si;Si;Si;No;1.86912;10.656667
Hombre;1.2;1200;5.8;No;Si;No;No;No;No;No;No;13.662462;-88.892869;665;16.66666667;Si;Si;Si;Si;Si;Si;0.83072;5.16648
Hombre;10.55;10907;3.9;No;Si;No;No;No;No;No;No;13.810377;-89.8621;721.446219;0;No;No;Si;Si;Si;No;0.97944;0.4356
Hombre;4.5;3500;4.9;No;Si;No;No;No;No;No;No;13.502602;-88.304234;633.561523;8.571428571;Si;Si;No;Si;Si;Si;6.48648;31.95
Hombre;5;4000;6;No;No;No;Si;No;Si;No;Si;13.248458;-88.343093;16;0;Si;No;Si;Si;Si;Si;0.21824;4.82
Hombre;1.4;1554;3;No;Si;No;No;No;Si;Si;No;13.929822;-89.52235;753.79647;100;Si;No;Si;Si;Si;No;0.84216;3.9068
Mujer;1.5;1600;6;No;Si;No;No;No;No;Si;No;13.770842;-89.680633;529.530029;0;Si;Si;Si;Si;No;Si;1.34728;4.12632
Hombre;2;712;6.1;Si;Si;No;No;No;No;No;No;13.496851;-89.036597;79.413174;30.19662921;Si;Si;Si;Si;Si;Si;0.28248;2.08
Hombre;2.1;1200;3.8;No;Si;No;No;No;Si;Si;No;13.675;-88.7861;529.559;16.66666667;Si;Si;Si;Si;Si;No;0.09504;3.82
Hombre;1.4;1200;4;No;Si;Si;No;No;Si;No;No;14.065292;-89.740917;673.294888;0;Si;No;Si;Si;Si;No;0.92664;2.64792
Hombre;1.4;1525;3.8;No;No;No;No;No;Si;No;No;13.91996;-89.428187;780;0;Si;No;No;Si;Si;No;0.198;0.9504
Hombre;1.76;302;4;No;Si;No;No;No;Si;No;No;13.943883;-89.796025;540;0;Si;Si;Si;Si;Si;No;0.37488;1.95888
Hombre;1.4;600;6;No;Si;No;No;No;Si;Si;No;13.417578;-88.550961;402;0;No;Si;Si;Si;Si;Si;0.2024;3.14
Hombre;1.38;1490;5;Si;Si;No;No;No;No;Si;No;13.471315;-89.190905;21;0;Si;Si;Si;Si;Si;No;1.078;1.3024
Hombre;4.9;1600;6.4;No;Si;No;No;No;No;No;No;13.507742;-88.436871;701.419189;15.625;No;Si;Si;No;Si;Si;0.12936;5.38
Hombre;3.2;2700;4.6;No;No;No;No;No;Si;No;No;13.967365;-89.86718;686.344849;22.22222222;Si;Si;Si;Si;Si;No;3.35808;16.76576
Hombre;1.4;800;4.8;Si;No;No;No;No;Si;No;No;13.601004;-88.613979;16.031372;93.75;Si;No;Si;Si;No;Si;0.28336;2.08
Hombre;2;1524;5.4;Si;No;No;No;No;Si;No;No;13.599167;-88.604167;29;77.03412073;Si;Si;Si;Si;Si;Si;0.83248;5.81
Hombre;4.54;1200;6.7;No;Si;No;No;No;No;No;No;13.59474167;-88.92684166;577.5;16.66666667;Si;Si;Si;No;Si;Si;0.20856;2.74
Hombre;1.5;1539;6;Si;No;Si;No;No;No;No;No;13.695056;-89.991503;-4.465485;0;No;Si;Si;Si;No;No;0.43384;2.8028
Hombre;22.05;21127;3;No;No;Si;No;No;Si;No;No;14.009071;-89.623553;690.401489;10.6498793;Si;No;Si;Si;Si;Si;2.92424;8.35648
Hombre;2.3;1300;3.6;No;Si;No;No;No;No;No;No;13.553208;-88.974622;257.665022;38.46153846;Si;Si;Si;Si;Si;Si;0.02112;0.36
Hombre;1.05;850;4;No;No;No;No;No;Si;No;No;14.192077;-89.349138;627.039723;0;Si;Si;Si;Si;Si;No;1.95624;5.59416
Hombre;7.96;9275;5.6;Si;Si;No;No;No;No;No;No;13.705856;-89.425449;565.384277;100;Si;No;No;Si;Si;Si;14.62912;76.2872
Hombre;4.9;1000;5.8;No;Si;No;No;No;No;No;No;13.593824;-88.952407;512;10;Si;Si;Si;Si;Si;Si;0.28248;3.48
Hombre;1.05;300;6;No;Si;No;No;No;No;No;No;13.591037;-88.973222;391.139526;0;Si;Si;Si;Si;Si;Si;0.30888;2.26
Hombre;2;800;5;No;Si;No;No;No;No;Si;No;13.437;-88.5566;478.688;50;Si;No;Si;No;Si;No;0.19096;3.09
Hombre;2.8;2000;6.3;No;Si;No;No;No;No;No;No;13.506316;-88.517902;1000;25;Si;Si;Si;No;Si;Si;0.20152;13.78
Hombre;2.8;2438;6;No;Si;No;No;No;No;No;No;13.727908;-89.476575;694.165527;100;Si;No;Si;No;No;No;0.4576;1.83744
Hombre;18;15000;3.2;No;No;No;No;Si;Si;No;No;13.914114;-88.15263;844.584208;0;Si;Si;Si;Si;Si;Si;0.01232;0.088
Hombre;1.8;2000;4;No;No;No;No;Si;Si;No;No;13.878416;-88.212761;300;0;Si;Si;Si;No;Si;Si;0.3036;2.464
Hombre;8.6;8600;4.9;No;Si;No;No;No;No;Si;No;13.515247;-88.499174;942.069824;11.62790698;Si;Si;Si;Si;Si;Si;4.94472;25.1064
Hombre;1.4;1300;5;No;Si;No;No;No;Si;No;No;13.6438;-88.7924;427;100;Si;Si;Si;Si;Si;Si;0.56848;3.61
Mujer;1.05;800;4;No;Si;No;No;No;No;No;No;13.481157;-88.387547;655.308838;5;Si;Si;Si;Si;Si;Si;0.4444;2.35
Hombre;1.05;600;5.3;No;No;No;No;No;No;Si;No;13.682801;-88.771032;505.044312;66.66666667;Si;Si;Si;No;Si;Si;0.0704;2.65
Hombre;5.9;4997;7.1;No;Si;No;No;No;No;No;No;13.484237;-88.398766;759.222307;96.99819892;Si;Si;Si;Si;Si;Si;8.70848;59.268
Hombre;1.01;972;4;No;Si;No;No;No;Si;No;No;13.95139;-89.798247;610;100;Si;Si;Si;Si;Si;No;0.12848;0.62832
Hombre;2.05;1950;5;No;Si;No;No;No;No;Si;No;13.678494;-88.852685;618.845459;0;Si;Si;Si;Si;Si;No;0.65296;4.54
Hombre;3.16;3350;4.5;No;Si;No;No;No;No;No;No;13.716431;-89.462964;679;33.58208955;Si;No;No;Si;Si;Si;2.72448;16.78072
Hombre;1.84;1500;4.1;Si;Si;No;No;No;No;No;No;13.711621;-89.440074;529.88501;0;Si;No;No;Si;Si;Si;0.93544;4.61912
Hombre;1.47;980;3.3;No;Si;No;No;No;No;No;No;13.699066;-89.481779;949.028394;0;Si;No;No;Si;Si;Si;0.64856;3.20144
Hombre;3.5;3500;6.7;No;No;No;No;No;No;Si;No;13.760543;-89.673098;474.411499;6.428571429;Si;Si;Si;Si;No;Si;1.49424;4.81624
Hombre;3;2000;4.9;No;No;No;No;No;Si;No;No;13.927687;-88.169074;797.115356;5;Si;Si;Si;No;Si;Si;2.63208;13.576
Hombre;1.8;2000;5.9;No;No;No;No;Si;Si;No;No;13.927858;-88.170637;760.572266;5;Si;Si;Si;No;Si;Si;2.9128;17.872
Hombre;2.1;2100;5;No;Si;No;No;No;No;Si;No;13.476407;-88.396252;730.435059;4.761904762;Si;Si;Si;Si;Si;Si;0.5808;3.5
Hombre;1.4;800;4;No;Si;No;No;No;Si;No;No;13.646142;-89.468049;1075;0;Si;Si;Si;Si;No;No;0.2728;0.5808
Hombre;10.2;9000;3;No;No;No;No;Si;Si;No;No;13.936465;-88.162905;977;100;Si;Si;Si;No;Si;Si;2.20528;16.72
Mujer;2.8;3108;4;No;Si;No;No;No;No;Si;No;13.512064;-88.49903;999.033691;0;Si;Si;Si;Si;No;Si;1.88848;10.05576
Hombre;1.5;750;3.5;No;Si;No;No;No;No;No;No;13.510496;-88.437645;689.784912;46.66666667;Si;Si;Si;No;Si;Si;0.09152;2.87
Hombre;2.1;1500;5;No;Si;No;No;No;No;No;No;13.80501;-89.816618;820.285889;0;Si;No;Si;Si;Si;No;0.2728;2.12592
Mujer;2.1;1500;5;No;Si;No;No;No;No;No;No;13.790569;-89.808127;665.607178;0;Si;No;Si;Si;Si;No;0.3784;1.30416
Hombre;5.88;4000;5;Si;Si;No;No;No;No;No;No;13.705601;-89.422554;581.974854;0;Si;No;Si;Si;Si;Si;1.57608;7.7264
Hombre;2.2;2000;4.9;No;No;No;No;Si;Si;No;No;13.75769;-88.212268;1046;5;Si;Si;Si;Si;Si;Si;2.51592;12.21
Hombre;1.35;735;6.3;No;Si;No;No;No;No;Si;No;13.4702;-88.5346;1135;0;No;Si;Si;No;Si;Si;0.09152;3.21
Hombre;2.5;2500;4.8;Si;No;No;Si;No;No;No;Si;13.310703;-88.775659;9.595398;20;Si;Si;Si;Si;Si;No;0.93896;6.45
Hombre;1.8;1200;4;No;No;No;No;Si;Si;No;No;13.957638;-88.195245;981.888041;0;Si;Si;Si;Si;Si;Si;0.5192;1.092
Hombre;3.5;1500;4.8;No;No;No;No;No;Si;No;No;13.809471;-88.179821;665.124512;20;Si;Si;Si;No;Si;Si;1.02432;5.448
Hombre;1.5;1500;5.3;No;No;No;Si;No;No;No;Si;13.2429956;-88.6343;8;33.33333333;Si;Si;Si;No;No;Si;0.96448;4.77
Hombre;1.15;300;5.3;No;Si;No;No;No;No;No;No;13.602121;-88.949589;530.002441;3.333333333;Si;Si;Si;Si;Si;No;0.2112;2.1
Hombre;2.1;950;4;Si;No;No;Si;No;No;No;Si;13.37218;-88.76574;20;100;Si;Si;Si;Si;Si;Si;1.07184;8.05
Hombre;1.5;335;4.1;Si;No;No;No;No;No;No;No;13.418812;-89.062057;16;29.85074627;Si;Si;Si;Si;Si;Si;0.14872;1.01
Mujer;1.4;800;4;No;Si;No;No;No;Si;Si;No;13.4134;-88.5044;388;0;Si;Si;Si;Si;Si;Si;0.1364;3.86
Hombre;2.1;1200;4.7;No;Si;No;No;No;Si;No;No;13.5055;-88.555;794.597;29.16666667;Si;Si;Si;Si;Si;Si;0.13376;4.02
Hombre;4.98;5440;4.1;No;No;No;No;No;No;Si;No;13.766224;-89.320999;863;8.823529412;Si;No;No;Si;Si;Si;0.49808;2.5036
Hombre;2.45;1600;6.5;No;Si;No;No;No;No;No;No;13.581958;-88.933813;545;25;Si;Si;Si;No;Si;Si;0.25256;4.77
Mujer;2;1500;3.9;No;No;No;No;Si;Si;No;No;13.759074;-88.206046;1193;13.33333333;Si;Si;Si;Si;Si;Si;2.10408;11.66
Hombre;4;4000;6;No;Si;No;No;No;Si;No;No;13.519409;-88.53561;990;0;Si;Si;No;Si;Si;Si;3.10288;16.38384
